{
  "eye": {
    "orientation": [
      0,
      0,
      0,
      1
    ],
    "magnitude": 0.5773502588272095,
    "position": [
      827.509765625,
      128.1025848388672,
      460.40032958984375
    ]
  },
  "radius": 1000,
  "type": "PERSPECTIVE"
}