{
  "eye": {
    "orientation": [
      0.07139088213443756,
      0.043700117617845535,
      -0.05847814679145813,
      0.9947733879089355
    ],
    "magnitude": 0.5773502588272095,
    "position": [
      907.5413818359375,
      145.98716735839844,
      377.4028625488281
    ]
  },
  "radius": 1000,
  "type": "PERSPECTIVE"
}