{
  "eye": {
    "orientation": [
      0.032048244029283524,
      -0.9519174695014954,
      -0.3007243275642395,
      -0.0488978736102581
    ],
    "magnitude": 0.38217252492904663,
    "position": [
      23.49073600769043,
      183.5551300048828,
      -259.4583435058594
    ]
  },
  "radius": 183.99542236328125,
  "type": "ORTHOGRAPHIC"
}