{
  "eye": {
    "orientation": [
      0.3435763120651245,
      -0.2610289752483368,
      -0.4485568702220917,
      -0.7826979160308838
    ],
    "magnitude": 0.5773502588272095,
    "position": [
      150.99066162109375,
      1157.310546875,
      941.6600341796875
    ]
  },
  "radius": 1000,
  "type": "PERSPECTIVE"
}