{
  "eye": {
    "orientation": [
      -0.13948890566825867,
      0,
      0,
      0.9902236461639404
    ],
    "magnitude": 1,
    "position": [
      0,
      122.49858856201172,
      426.1695556640625
    ]
  },
  "radius": 256,
  "type": "ORTHOGRAPHIC"
}