{
  "eye": {
    "orientation": [
      -0.0064469510689377785,
      0.9646925926208496,
      0.1665189415216446,
      -0.20395617187023163
    ],
    "magnitude": 0.5257012248039246,
    "position": [
      -125.98568725585938,
      101.5478515625,
      -274.5516662597656
    ]
  },
  "radius": 183.99542236328125,
  "type": "ORTHOGRAPHIC"
}