{
  "eye": {
    "orientation": [
      0.5989586710929871,
      -0.21606126427650452,
      -0.3338281810283661,
      0.695071816444397
    ],
    "magnitude": 0.2857142984867096,
    "position": [
      -111.31234741210938,
      -158.58480834960938,
      9.583268165588379
    ]
  },
  "radius": 100,
  "type": "ORTHOGRAPHIC"
}