{
  "eye": {
    "orientation": [
      0.2130318582057953,
      0.026735108345746994,
      0.06293537467718124,
      0.9746496081352234
    ],
    "magnitude": 0.5773502588272095,
    "position": [
      14.980117797851562,
      -363.6796875,
      510.4738464355469
    ]
  },
  "radius": 1000,
  "type": "PERSPECTIVE"
}